sector,species_number
0,239
1,208
2,230
3,239
4,206
5,155
6,135
7,195
8,176
9,260
10,154
11,266
12,260
13,177
14,151
15,158
16,191
17,234
18,144
19,155
20,203
21,162
22,181
23,223
24,190
25,197
26,133
27,191
28,138
29,107
30,150
31,178
32,106
33,136
34,192
35,144
36,175
37,217
38,203
39,125
